Sue,Oneida,16223298,Sue.Oneida@college.harvard.edu,0
Inga,Bow,15657083,Inga.Bow@college.harvard.edu,0
Penelopa,Harned,16443115,Penelopa.Harned@college.harvard.edu,0
Ronna,Loring,12850713,Ronna.Loring@college.harvard.edu,0
Barbi,Fabiola,17888309,Barbi.Fabiola@college.harvard.edu,0
Carol-Jean,Elsinore,13442638,Carol-Jean.Elsinore@college.harvard.edu,0
Bibby,Toor,12441773,Bibby.Toor@college.harvard.edu,0
Willetta,Lay,10596364,Willetta.Lay@college.harvard.edu,0
Jasmina,Wattenberg,18112106,Jasmina.Wattenberg@college.harvard.edu,0
Frances,Joni,10462931,Frances.Joni@college.harvard.edu,0
Gilligan,Yusuk,10995865,Gilligan.Yusuk@college.harvard.edu,0
Olivette,Sprage,12803689,Olivette.Sprage@college.harvard.edu,0
Cristabel,Shields,11557985,Cristabel.Shields@college.harvard.edu,0
Cordi,Bronk,13062118,Cordi.Bronk@college.harvard.edu,0
Elvira,Thema,12627778,Elvira.Thema@college.harvard.edu,0
Gwenneth,Pacorro,16307471,Gwenneth.Pacorro@college.harvard.edu,0
Lila,Shanley,12740931,Lila.Shanley@college.harvard.edu,0
Keelia,Chinua,16704646,Keelia.Chinua@college.harvard.edu,0
Jerry,Adamsen,13635100,Jerry.Adamsen@college.harvard.edu,0
Jeanna,Velick,10123917,Jeanna.Velick@college.harvard.edu,0
Gilda,Gillan,14094779,Gilda.Gillan@college.harvard.edu,0
Anallese,Goth,17927182,Anallese.Goth@college.harvard.edu,0
Betta,Cullin,14207386,Betta.Cullin@college.harvard.edu,0
Camile,Noelyn,15734485,Camile.Noelyn@college.harvard.edu,0
Lynnea,Daveta,15787314,Lynnea.Daveta@college.harvard.edu,0
Claresta,Nahum,10315953,Claresta.Nahum@college.harvard.edu,0
Teddie,Anestassia,13867822,Teddie.Anestassia@college.harvard.edu,0
Carly,Hebner,11834210,Carly.Hebner@college.harvard.edu,0
Ida,Linehan,18798588,Ida.Linehan@college.harvard.edu,0
Krystle,Vins,16731455,Krystle.Vins@college.harvard.edu,0
Jessy,Rodmann,11879077,Jessy.Rodmann@college.harvard.edu,0
Almeta,Erich,15984018,Almeta.Erich@college.harvard.edu,0
Deedee,Dunkin,10220203,Deedee.Dunkin@college.harvard.edu,0
Modestia,Hollingsworth,10118286,Modestia.Hollingsworth@college.harvard.edu,0
Sara-Ann,Kirbee,16507157,Sara-Ann.Kirbee@college.harvard.edu,0
Rori,Hebner,19289418,Rori.Hebner@college.harvard.edu,0
Elfreda,Roarke,17265644,Elfreda.Roarke@college.harvard.edu,0
Linet,Brian,13502166,Linet.Brian@college.harvard.edu,0
Jany,Chick,16714167,Jany.Chick@college.harvard.edu,0
Ricky,Beebe,10279094,Ricky.Beebe@college.harvard.edu,0
Shauna,Nedrud,17787736,Shauna.Nedrud@college.harvard.edu,0
Johna,Gunn,14787982,Johna.Gunn@college.harvard.edu,0
Harmonia,Diogenes,14499510,Harmonia.Diogenes@college.harvard.edu,0
Valli,Lattie,16073877,Valli.Lattie@college.harvard.edu,0
Aigneis,Bartlett,18616245,Aigneis.Bartlett@college.harvard.edu,0
Daphne,Eliathas,13658434,Daphne.Eliathas@college.harvard.edu,0
Agathe,Janith,15193473,Agathe.Janith@college.harvard.edu,0
Viviene,Peg,12383317,Viviene.Peg@college.harvard.edu,0
Romona,Merna,15036450,Romona.Merna@college.harvard.edu,0
Marinna,Parette,16140510,Marinna.Parette@college.harvard.edu,0
Gilligan,Hanshaw,14960727,Gilligan.Hanshaw@college.harvard.edu,0
Paulita,Saunderson,11296242,Paulita.Saunderson@college.harvard.edu,0
Zaria,Pascia,17938606,Zaria.Pascia@college.harvard.edu,0
Gale,Killigrew,15363331,Gale.Killigrew@college.harvard.edu,0
Tori,Nedrud,17947983,Tori.Nedrud@college.harvard.edu,0
Lelah,Andrel,13434221,Lelah.Andrel@college.harvard.edu,0
Nyssa,Teddman,15402921,Nyssa.Teddman@college.harvard.edu,0
Gilda,Japeth,12094028,Gilda.Japeth@college.harvard.edu,0
Corry,Mich,12513879,Corry.Mich@college.harvard.edu,0
Cindelyn,Jobi,13147912,Cindelyn.Jobi@college.harvard.edu,0
Natka,Federica,18199273,Natka.Federica@college.harvard.edu,0
Louella,Madox,16677976,Louella.Madox@college.harvard.edu,0
Rosene,Zaslow,16287104,Rosene.Zaslow@college.harvard.edu,0
Odessa,Oriana,17680275,Odessa.Oriana@college.harvard.edu,0
Roberta,Vary,19231132,Roberta.Vary@college.harvard.edu,0
Monika,Lia,17700227,Monika.Lia@college.harvard.edu,0
Gabi,Eno,11189874,Gabi.Eno@college.harvard.edu,0
Joeann,Lissi,17239872,Joeann.Lissi@college.harvard.edu,0
Orelia,Ferrell,11048385,Orelia.Ferrell@college.harvard.edu,0
Dede,Nerita,11300933,Dede.Nerita@college.harvard.edu,0
Tabbatha,Dreda,18799150,Tabbatha.Dreda@college.harvard.edu,0
Katuscha,Jefferey,12413018,Katuscha.Jefferey@college.harvard.edu,0
Cristabel,Garlinda,17429514,Cristabel.Garlinda@college.harvard.edu,0
Oona,Poppy,10759389,Oona.Poppy@college.harvard.edu,0
Audrie,Carvey,11480963,Audrie.Carvey@college.harvard.edu,0
Maud,Martguerita,10975542,Maud.Martguerita@college.harvard.edu,0
Sabina,Carmena,18244992,Sabina.Carmena@college.harvard.edu,0
Lulita,Oster,16701249,Lulita.Oster@college.harvard.edu,0
Lexine,Schroth,12373036,Lexine.Schroth@college.harvard.edu,0
Charlena,Merat,12169291,Charlena.Merat@college.harvard.edu,0
Ermengarde,Bartlett,15322110,Ermengarde.Bartlett@college.harvard.edu,0
Almeta,Clara,15707621,Almeta.Clara@college.harvard.edu,0
Emelina,McAdams,10858543,Emelina.McAdams@college.harvard.edu,0
Allyce,Jeanne,17995375,Allyce.Jeanne@college.harvard.edu,0
Elise,Vilma,10639670,Elise.Vilma@college.harvard.edu,0
Louella,Tannie,12941265,Louella.Tannie@college.harvard.edu,0
Hollie,Publia,13455091,Hollie.Publia@college.harvard.edu,0
Hyacinthe,Brian,15118067,Hyacinthe.Brian@college.harvard.edu,0
Lonnie,Jorgan,13010571,Lonnie.Jorgan@college.harvard.edu,0
Rayna,Fillbert,13150470,Rayna.Fillbert@college.harvard.edu,0
Aili,Damarra,14357378,Aili.Damarra@college.harvard.edu,0
Konstance,Berl,10749924,Konstance.Berl@college.harvard.edu,0
Lexine,Cassius,14042287,Lexine.Cassius@college.harvard.edu,0
Corly,Dash,19327013,Corly.Dash@college.harvard.edu,0
Karina,Bennie,17742510,Karina.Bennie@college.harvard.edu,0
Lanae,Naashom,13950144,Lanae.Naashom@college.harvard.edu,0
Benita,Medrek,14325078,Benita.Medrek@college.harvard.edu,0
Gretal,Lenny,12676749,Gretal.Lenny@college.harvard.edu,0
Gale,Malvino,11247014,Gale.Malvino@college.harvard.edu,0
Larine,Ardra,12884046,Larine.Ardra@college.harvard.edu,0
Kassey,Regan,17587880,Kassey.Regan@college.harvard.edu,0
Lolita,Letsou,16031704,Lolita.Letsou@college.harvard.edu,0
Ardeen,Jalbert,12295031,Ardeen.Jalbert@college.harvard.edu,0
Dennie,Earlie,11474722,Dennie.Earlie@college.harvard.edu,0
Dode,Anastatius,17753686,Dode.Anastatius@college.harvard.edu,0
Patricia,Jess,18736899,Patricia.Jess@college.harvard.edu,0
Cecile,Hutchison,11435244,Cecile.Hutchison@college.harvard.edu,0
Binny,Ardra,18676033,Binny.Ardra@college.harvard.edu,0
Sophia,Justinn,19294813,Sophia.Justinn@college.harvard.edu,0
Nonnah,Peti,17140204,Nonnah.Peti@college.harvard.edu,0
Feliza,Ursulette,16147570,Feliza.Ursulette@college.harvard.edu,0
Gianina,Mitzi,12312524,Gianina.Mitzi@college.harvard.edu,0
Andeee,Atonsah,14082251,Andeee.Atonsah@college.harvard.edu,0
Carolina,Wadell,19549229,Carolina.Wadell@college.harvard.edu,0
Kerrin,Kylander,18893630,Kerrin.Kylander@college.harvard.edu,0
Zondra,Chauncey,18287341,Zondra.Chauncey@college.harvard.edu,0
Kamilah,Goerke,17125099,Kamilah.Goerke@college.harvard.edu,0
Andeee,Ummersen,15992175,Andeee.Ummersen@college.harvard.edu,0
Amara,Ephrem,12069554,Amara.Ephrem@college.harvard.edu,0
Raina,Rosette,10080534,Raina.Rosette@college.harvard.edu,0
Delilah,Saunderson,16577825,Delilah.Saunderson@college.harvard.edu,0
Courtnay,Erminia,13321519,Courtnay.Erminia@college.harvard.edu,0
Aaren,Shanley,15283874,Aaren.Shanley@college.harvard.edu,0
Sashenka,Voletta,19458733,Sashenka.Voletta@college.harvard.edu,0
Dulce,Burch,18908062,Dulce.Burch@college.harvard.edu,0
Veda,Angelis,17373645,Veda.Angelis@college.harvard.edu,0
Binny,Hailee,16632121,Binny.Hailee@college.harvard.edu,0
Emilia,Amethist,16165129,Emilia.Amethist@college.harvard.edu,0
Edith,Yate,13452644,Edith.Yate@college.harvard.edu,0
Amalie,Lucienne,16143977,Amalie.Lucienne@college.harvard.edu,0
Sara-Ann,Wittie,19478760,Sara-Ann.Wittie@college.harvard.edu,0
Carolina,Belanger,18371354,Carolina.Belanger@college.harvard.edu,0
Zondra,Helve,15060069,Zondra.Helve@college.harvard.edu,0
Concettina,Klemperer,19145181,Concettina.Klemperer@college.harvard.edu,0
Brena,Greyson,19163972,Brena.Greyson@college.harvard.edu,0
Maridel,Solitta,14053804,Maridel.Solitta@college.harvard.edu,0
Glynnis,Alrich,16101525,Glynnis.Alrich@college.harvard.edu,0
Britte,Greenwald,15592959,Britte.Greenwald@college.harvard.edu,0
Alie,Tybald,14250354,Alie.Tybald@college.harvard.edu,0
Evaleen,Ashely,15240424,Evaleen.Ashely@college.harvard.edu,0
Ardeen,Nedrud,11702187,Ardeen.Nedrud@college.harvard.edu,0
Juliane,Eldrid,15647241,Juliane.Eldrid@college.harvard.edu,0
Fawne,Sigfrid,11903270,Fawne.Sigfrid@college.harvard.edu,0
Ileana,Erlandson,17180867,Ileana.Erlandson@college.harvard.edu,0
Goldie,Sisile,14414869,Goldie.Sisile@college.harvard.edu,0
Tera,McLaughlin,11154176,Tera.McLaughlin@college.harvard.edu,0
Fina,Hoban,19667123,Fina.Hoban@college.harvard.edu,0
Latisha,Even,18843429,Latisha.Even@college.harvard.edu,0
Mathilda,Japeth,19845330,Mathilda.Japeth@college.harvard.edu,0
Jobi,Creamer,18169826,Jobi.Creamer@college.harvard.edu,0
Shell,Phaidra,13136613,Shell.Phaidra@college.harvard.edu,0
Monika,Gilbertson,17032612,Monika.Gilbertson@college.harvard.edu,0
Lonnie,Blisse,14330413,Lonnie.Blisse@college.harvard.edu,0
Judy,Merell,10991251,Judy.Merell@college.harvard.edu,0
Jillayne,Gillan,13366343,Jillayne.Gillan@college.harvard.edu,0
Gilda,Brieta,11581271,Gilda.Brieta@college.harvard.edu,0
Deane,Faria,18144500,Deane.Faria@college.harvard.edu,0
