Chloris,Shaddock,14456015,Chloris.Shaddock@college.harvard.edu,2
Gusty,Merat,11280490,Gusty.Merat@college.harvard.edu,2
Keelia,Ricki,11961947,Keelia.Ricki@college.harvard.edu,2
Carmencita,Drisko,17368711,Carmencita.Drisko@college.harvard.edu,2
Maridel,Madaih,10107444,Maridel.Madaih@college.harvard.edu,2
Mureil,McLaughlin,16406290,Mureil.McLaughlin@college.harvard.edu,2
Celestyna,Annice,16236203,Celestyna.Annice@college.harvard.edu,2
Kassey,Screens,16344805,Kassey.Screens@college.harvard.edu,2
Gretal,Septima,14392954,Gretal.Septima@college.harvard.edu,2
Renie,Cadmar,10999559,Renie.Cadmar@college.harvard.edu,2
Keelia,Tippets,18861408,Keelia.Tippets@college.harvard.edu,2
Marti,Flyn,15811996,Marti.Flyn@college.harvard.edu,2
Nicoli,Rugen,11798238,Nicoli.Rugen@college.harvard.edu,2
Aigneis,Zeeba,15499848,Aigneis.Zeeba@college.harvard.edu,2
Raf,Sprage,15721990,Raf.Sprage@college.harvard.edu,2
Alia,Ax,18292267,Alia.Ax@college.harvard.edu,2
Nannie,Zetta,16190963,Nannie.Zetta@college.harvard.edu,2
Chloris,Dyche,19984627,Chloris.Dyche@college.harvard.edu,2
Julieta,Sheng,14858247,Julieta.Sheng@college.harvard.edu,2
Priscilla,Vale,13265824,Priscilla.Vale@college.harvard.edu,2
Elvira,Thema,12627778,Elvira.Thema@college.harvard.edu,2
Kaja,Mike,15552390,Kaja.Mike@college.harvard.edu,2
Siana,Annice,13442797,Siana.Annice@college.harvard.edu,2
Elyssa,Ferrell,14483367,Elyssa.Ferrell@college.harvard.edu,2
Maisey,Gilbertson,10211491,Maisey.Gilbertson@college.harvard.edu,2
Fanchon,Lewes,19289772,Fanchon.Lewes@college.harvard.edu,2
Dotty,Dex,16624239,Dotty.Dex@college.harvard.edu,2
Bibby,Halsey,19785346,Bibby.Halsey@college.harvard.edu,2
Ekaterina,Salvidor,15037295,Ekaterina.Salvidor@college.harvard.edu,2
Jerry,Adamsen,13635100,Jerry.Adamsen@college.harvard.edu,2
Minne,Thornburg,10037617,Minne.Thornburg@college.harvard.edu,2
Valeda,Fiester,14512673,Valeda.Fiester@college.harvard.edu,2
Xylina,Guildroy,16246904,Xylina.Guildroy@college.harvard.edu,2
Aeriela,Maribeth,16336632,Aeriela.Maribeth@college.harvard.edu,2
Thalia,Atonsah,13035523,Thalia.Atonsah@college.harvard.edu,2
Jessamyn,Konyn,11424171,Jessamyn.Konyn@college.harvard.edu,2
Marline,Myrilla,15466072,Marline.Myrilla@college.harvard.edu,2
Anica,Yusuk,17348593,Anica.Yusuk@college.harvard.edu,2
Vere,Mitzi,15866728,Vere.Mitzi@college.harvard.edu,2
Raina,Jammal,13224952,Raina.Jammal@college.harvard.edu,2
Lolita,Therine,11513216,Lolita.Therine@college.harvard.edu,2
Josephine,Grosz,10004157,Josephine.Grosz@college.harvard.edu,2
Doralynne,Baylor,14077800,Doralynne.Baylor@college.harvard.edu,2
Ardenia,Chobot,14627170,Ardenia.Chobot@college.harvard.edu,2
Patricia,Alejoa,16214403,Patricia.Alejoa@college.harvard.edu,2
Aimil,Tacye,15221282,Aimil.Tacye@college.harvard.edu,2
Briney,Means,19899421,Briney.Means@college.harvard.edu,2
Wilma,Kamaria,14830012,Wilma.Kamaria@college.harvard.edu,2
Blake,Fredi,12897689,Blake.Fredi@college.harvard.edu,2
Gerrie,Taam,12137298,Gerrie.Taam@college.harvard.edu,2
Hyacinthe,Ardeha,10077366,Hyacinthe.Ardeha@college.harvard.edu,2
Ann-Marie,Sherfield,12584791,Ann-Marie.Sherfield@college.harvard.edu,2
Charlena,Redmond,10221543,Charlena.Redmond@college.harvard.edu,2
Vivia,Marden,17397965,Vivia.Marden@college.harvard.edu,2
Flory,Raama,12275983,Flory.Raama@college.harvard.edu,2
Desirae,Schenck,10687802,Desirae.Schenck@college.harvard.edu,2
Cindelyn,Holbrook,12951408,Cindelyn.Holbrook@college.harvard.edu,2
Nelle,Thar,11408415,Nelle.Thar@college.harvard.edu,2
Kirstin,Ruvolo,10796580,Kirstin.Ruvolo@college.harvard.edu,2
Raf,Strephon,10878788,Raf.Strephon@college.harvard.edu,2
Zaria,Pascia,17938606,Zaria.Pascia@college.harvard.edu,2
Dulce,Toffic,12831699,Dulce.Toffic@college.harvard.edu,2
Cindelyn,Ferrell,18675179,Cindelyn.Ferrell@college.harvard.edu,2
Marti,Martsen,13276653,Marti.Martsen@college.harvard.edu,2
Dianemarie,Naashom,15387105,Dianemarie.Naashom@college.harvard.edu,2
Susette,Guthrie,18506702,Susette.Guthrie@college.harvard.edu,2
Elvira,Trace,18261690,Elvira.Trace@college.harvard.edu,2
Corry,Mich,12513879,Corry.Mich@college.harvard.edu,2
Reeba,Oscar,10822005,Reeba.Oscar@college.harvard.edu,2
Harrietta,Ursulette,14247405,Harrietta.Ursulette@college.harvard.edu,2
Nita,Millda,17507062,Nita.Millda@college.harvard.edu,2
Orelia,Ferrell,11048385,Orelia.Ferrell@college.harvard.edu,2
Eugine,Cosenza,14807138,Eugine.Cosenza@college.harvard.edu,2
Sissy,MacIntosh,14304968,Sissy.MacIntosh@college.harvard.edu,2
Asia,Genna,17975266,Asia.Genna@college.harvard.edu,2
Paulita,Alejoa,13375162,Paulita.Alejoa@college.harvard.edu,2
Leanna,Arley,10058655,Leanna.Arley@college.harvard.edu,2
Elka,Cristi,11594912,Elka.Cristi@college.harvard.edu,2
Tobe,Sawtelle,11512037,Tobe.Sawtelle@college.harvard.edu,2
Joelly,Leopold,19144283,Joelly.Leopold@college.harvard.edu,2
Nessie,Carolin,13598935,Nessie.Carolin@college.harvard.edu,2
Julieta,Idelia,14931747,Julieta.Idelia@college.harvard.edu,2
Annora,Luhe,15735964,Annora.Luhe@college.harvard.edu,2
Jean,Ralfston,18966433,Jean.Ralfston@college.harvard.edu,2
Libbie,Aurelio,17477745,Libbie.Aurelio@college.harvard.edu,2
Janis,Chandler,13382744,Janis.Chandler@college.harvard.edu,2
Kial,Eugenia,14817356,Kial.Eugenia@college.harvard.edu,2
Latisha,Gaal,13773440,Latisha.Gaal@college.harvard.edu,2
Kristan,Noman,10708953,Kristan.Noman@college.harvard.edu,2
Jolyn,Avi,17367646,Jolyn.Avi@college.harvard.edu,2
Joleen,Valerio,15063695,Joleen.Valerio@college.harvard.edu,2
Maisey,Lacombe,13605710,Maisey.Lacombe@college.harvard.edu,2
Tami,Anton,11905579,Tami.Anton@college.harvard.edu,2
Lynnea,Ricki,19034110,Lynnea.Ricki@college.harvard.edu,2
Ofilia,Taima,18968969,Ofilia.Taima@college.harvard.edu,2
Eugine,Sprage,18949234,Eugine.Sprage@college.harvard.edu,2
Kristan,Lilas,11749421,Kristan.Lilas@college.harvard.edu,2
Kathi,Millda,15187822,Kathi.Millda@college.harvard.edu,2
Gilligan,Atonsah,11926715,Gilligan.Atonsah@college.harvard.edu,2
Sophia,Howlyn,16896287,Sophia.Howlyn@college.harvard.edu,2
Elise,Vilma,10639670,Elise.Vilma@college.harvard.edu,2
Katuscha,Greyson,13538431,Katuscha.Greyson@college.harvard.edu,2
Hyacinthe,Brian,15118067,Hyacinthe.Brian@college.harvard.edu,2
Bobinette,Nickola,14457328,Bobinette.Nickola@college.harvard.edu,2
Aili,Damarra,14357378,Aili.Damarra@college.harvard.edu,2
Johna,Eiser,14713629,Johna.Eiser@college.harvard.edu,2
Lexine,Cassius,14042287,Lexine.Cassius@college.harvard.edu,2
Zia,Rocray,17918669,Zia.Rocray@college.harvard.edu,2
Collen,Ferrell,17057825,Collen.Ferrell@college.harvard.edu,2
Lanae,Schenck,13638057,Lanae.Schenck@college.harvard.edu,2
Frieda,Ellord,19423141,Frieda.Ellord@college.harvard.edu,2
Asia,Tamsky,17979892,Asia.Tamsky@college.harvard.edu,2
Adele,Teddman,12892207,Adele.Teddman@college.harvard.edu,2
Steffane,Cassius,18739767,Steffane.Cassius@college.harvard.edu,2
Briney,Fairweather,19201081,Briney.Fairweather@college.harvard.edu,2
Wanda,Kress,16063388,Wanda.Kress@college.harvard.edu,2
Joelly,Fulmer,10615641,Joelly.Fulmer@college.harvard.edu,2
Keelia,Lytton,12320412,Keelia.Lytton@college.harvard.edu,2
Gale,Yorick,15923521,Gale.Yorick@college.harvard.edu,2
Atlanta,Lanita,12339168,Atlanta.Lanita@college.harvard.edu,2
Cristabel,Cristi,10754464,Cristabel.Cristi@college.harvard.edu,2
Addia,Jacobah,15984284,Addia.Jacobah@college.harvard.edu,2
Doro,Gilmour,17614378,Doro.Gilmour@college.harvard.edu,2
Romona,Demitria,19907914,Romona.Demitria@college.harvard.edu,2
Kamilah,Goerke,17125099,Kamilah.Goerke@college.harvard.edu,2
Ivett,Andrel,18757525,Ivett.Andrel@college.harvard.edu,2
Larine,Valerio,19586179,Larine.Valerio@college.harvard.edu,2
Hayley,Thomasina,14250593,Hayley.Thomasina@college.harvard.edu,2
Lauryn,Jalbert,15950162,Lauryn.Jalbert@college.harvard.edu,2
Kimberley,Newell,12425127,Kimberley.Newell@college.harvard.edu,2
Belinda,Dearborn,19309341,Belinda.Dearborn@college.harvard.edu,2
Dulce,Burch,18908062,Dulce.Burch@college.harvard.edu,2
Giustina,Imelida,14146407,Giustina.Imelida@college.harvard.edu,2
Edith,Yate,13452644,Edith.Yate@college.harvard.edu,2
Zondra,Kinnard,16018071,Zondra.Kinnard@college.harvard.edu,2
Catharine,Gaal,10492544,Catharine.Gaal@college.harvard.edu,2
Amalie,Lucienne,16143977,Amalie.Lucienne@college.harvard.edu,2
Vonny,Ackerley,17664827,Vonny.Ackerley@college.harvard.edu,2
Layla,Moina,15473801,Layla.Moina@college.harvard.edu,2
Brooks,Creamer,19351121,Brooks.Creamer@college.harvard.edu,2
Kary,Mike,13717657,Kary.Mike@college.harvard.edu,2
Angela,Duwalt,19037509,Angela.Duwalt@college.harvard.edu,2
Jessamyn,Wadell,19237850,Jessamyn.Wadell@college.harvard.edu,2
Marnia,Fosque,16460668,Marnia.Fosque@college.harvard.edu,2
Blondelle,Stuart,12665888,Blondelle.Stuart@college.harvard.edu,2
Emmey,Rona,15608509,Emmey.Rona@college.harvard.edu,2
Ida,Wilkinson,17300062,Ida.Wilkinson@college.harvard.edu,2
Aaren,Torray,12031783,Aaren.Torray@college.harvard.edu,2
Aryn,Yerkovich,14900582,Aryn.Yerkovich@college.harvard.edu,2
Clary,Merat,11186850,Clary.Merat@college.harvard.edu,2
Fredericka,Clara,15308749,Fredericka.Clara@college.harvard.edu,2
Sara-Ann,Granoff,15624180,Sara-Ann.Granoff@college.harvard.edu,2
Alejandra,Goldina,14849367,Alejandra.Goldina@college.harvard.edu,2
Barbara,Izaak,11720047,Barbara.Izaak@college.harvard.edu,2
Fawne,Sigfrid,11903270,Fawne.Sigfrid@college.harvard.edu,2
Jan,Liva,16093870,Jan.Liva@college.harvard.edu,2
Kristan,Newell,19604869,Kristan.Newell@college.harvard.edu,2
Latisha,Verger,19686138,Latisha.Verger@college.harvard.edu,2
Elora,Haerr,11676178,Elora.Haerr@college.harvard.edu,2
Noelle,Mozelle,12677312,Noelle.Mozelle@college.harvard.edu,2
Phylis,Koehler,16551520,Phylis.Koehler@college.harvard.edu,2
Merrie,Ivens,17807279,Merrie.Ivens@college.harvard.edu,2
Jobi,Creamer,18169826,Jobi.Creamer@college.harvard.edu,2
Jacquetta,McAdams,11054765,Jacquetta.McAdams@college.harvard.edu,2
Gretal,Muriel,17593926,Gretal.Muriel@college.harvard.edu,2
