Carly,Haymes,10825876,Carly.Haymes@college.harvard.edu,4
Sue,Oneida,16223298,Sue.Oneida@college.harvard.edu,4
Melanie,Merna,17144995,Melanie.Merna@college.harvard.edu,4
Kaia,Cavan,19395700,Kaia.Cavan@college.harvard.edu,4
Winny,Markman,12461674,Winny.Markman@college.harvard.edu,4
Kary,Kamaria,18903342,Kary.Kamaria@college.harvard.edu,4
Lolita,Harday,18802346,Lolita.Harday@college.harvard.edu,4
Patricia,Schalles,11917293,Patricia.Schalles@college.harvard.edu,4
Bibby,Toor,12441773,Bibby.Toor@college.harvard.edu,4
Zia,Jillane,11583059,Zia.Jillane@college.harvard.edu,4
Tobe,Emmy,18787384,Tobe.Emmy@college.harvard.edu,4
Joane,Bouchard,15634642,Joane.Bouchard@college.harvard.edu,4
Ronna,Waldron,17957371,Ronna.Waldron@college.harvard.edu,4
Tersina,Roscoe,10434851,Tersina.Roscoe@college.harvard.edu,4
Siana,Valoniah,10971840,Siana.Valoniah@college.harvard.edu,4
Helena,Zamora,12541094,Helena.Zamora@college.harvard.edu,4
Tybie,Roumell,19703610,Tybie.Roumell@college.harvard.edu,4
Natka,Zenas,17293652,Natka.Zenas@college.harvard.edu,4
Dulcinea,Septima,13505835,Dulcinea.Septima@college.harvard.edu,4
Orelia,Diann,16575256,Orelia.Diann@college.harvard.edu,4
Gabi,Drisko,12313850,Gabi.Drisko@college.harvard.edu,4
Clementine,Granoff,10504852,Clementine.Granoff@college.harvard.edu,4
Xylina,Yorick,18703690,Xylina.Yorick@college.harvard.edu,4
Laurene,Zenas,16077152,Laurene.Zenas@college.harvard.edu,4
Mireielle,Ardra,12726659,Mireielle.Ardra@college.harvard.edu,4
Keelia,Chinua,16704646,Keelia.Chinua@college.harvard.edu,4
Jacenta,Lory,14648651,Jacenta.Lory@college.harvard.edu,4
Korrie,Berl,16614900,Korrie.Berl@college.harvard.edu,4
Devina,Fontana,15837609,Devina.Fontana@college.harvard.edu,4
Aurelie,Ortrude,10158974,Aurelie.Ortrude@college.harvard.edu,4
Reeba,Wyn,18793626,Reeba.Wyn@college.harvard.edu,4
Fredericka,Emanuel,16334739,Fredericka.Emanuel@college.harvard.edu,4
Lyssa,Timon,19679574,Lyssa.Timon@college.harvard.edu,4
Kamilah,Margret,14691040,Kamilah.Margret@college.harvard.edu,4
Katleen,Norvol,16415829,Katleen.Norvol@college.harvard.edu,4
Lanae,Arley,18467116,Lanae.Arley@college.harvard.edu,4
Marline,Himelman,18829950,Marline.Himelman@college.harvard.edu,4
Violet,Pearse,16987852,Violet.Pearse@college.harvard.edu,4
Sissy,Nerita,11476996,Sissy.Nerita@college.harvard.edu,4
Shauna,Jillane,19604214,Shauna.Jillane@college.harvard.edu,4
Ottilie,Codding,12467150,Ottilie.Codding@college.harvard.edu,4
Roxane,Pitt,18385898,Roxane.Pitt@college.harvard.edu,4
Yetty,Ralfston,17852222,Yetty.Ralfston@college.harvard.edu,4
Aimil,Constancy,10888866,Aimil.Constancy@college.harvard.edu,4
Hannis,Huggins,18598141,Hannis.Huggins@college.harvard.edu,4
Cordi,Nester,15385272,Cordi.Nester@college.harvard.edu,4
Heddie,Drus,14151283,Heddie.Drus@college.harvard.edu,4
Modestia,Hollingsworth,10118286,Modestia.Hollingsworth@college.harvard.edu,4
Cam,Roumell,16349829,Cam.Roumell@college.harvard.edu,4
Demetris,Janene,15971480,Demetris.Janene@college.harvard.edu,4
Mallory,Bandeen,16165052,Mallory.Bandeen@college.harvard.edu,4
Lita,Jalbert,16737782,Lita.Jalbert@college.harvard.edu,4
Vanessa,Ogren,10174272,Vanessa.Ogren@college.harvard.edu,4
Tamqrah,Melan,13452539,Tamqrah.Melan@college.harvard.edu,4
Lolita,Rheingold,12345849,Lolita.Rheingold@college.harvard.edu,4
Charissa,Celestine,19960389,Charissa.Celestine@college.harvard.edu,4
Fred,Malina,11351426,Fred.Malina@college.harvard.edu,4
Lorenza,Zenas,15456782,Lorenza.Zenas@college.harvard.edu,4
Nerta,Modie,11532864,Nerta.Modie@college.harvard.edu,4
Viviene,Peg,12383317,Viviene.Peg@college.harvard.edu,4
Romona,Merna,15036450,Romona.Merna@college.harvard.edu,4
Jere,Toffic,11539889,Jere.Toffic@college.harvard.edu,4
Sadie,Isidore,18358708,Sadie.Isidore@college.harvard.edu,4
Rani,Suk,18378409,Rani.Suk@college.harvard.edu,4
Edith,Mehalek,10740566,Edith.Mehalek@college.harvard.edu,4
Katharina,Wu,12200428,Katharina.Wu@college.harvard.edu,4
Corina,Corrine,15181216,Corina.Corrine@college.harvard.edu,4
Fina,Brandice,16502184,Fina.Brandice@college.harvard.edu,4
Rubie,Lay,11903255,Rubie.Lay@college.harvard.edu,4
Doro,Gaulin,10773417,Doro.Gaulin@college.harvard.edu,4
Lelah,Andrel,13434221,Lelah.Andrel@college.harvard.edu,4
Addia,Lane,10567888,Addia.Lane@college.harvard.edu,4
Eolanda,Peg,19613518,Eolanda.Peg@college.harvard.edu,4
Averyl,Wind,10748159,Averyl.Wind@college.harvard.edu,4
Edith,Olnee,18043093,Edith.Olnee@college.harvard.edu,4
Natka,Federica,18199273,Natka.Federica@college.harvard.edu,4
Bobbi,Therine,10313819,Bobbi.Therine@college.harvard.edu,4
Nadine,Jefferey,12412862,Nadine.Jefferey@college.harvard.edu,4
Kaia,Lesley,19768676,Kaia.Lesley@college.harvard.edu,4
Calla,Carvey,18820580,Calla.Carvey@college.harvard.edu,4
Carmela,Swigart,12316124,Carmela.Swigart@college.harvard.edu,4
Dorene,Fiester,10533472,Dorene.Fiester@college.harvard.edu,4
Ofilia,Llovera,11279515,Ofilia.Llovera@college.harvard.edu,4
Melina,Wattenberg,18382813,Melina.Wattenberg@college.harvard.edu,4
Kaia,Cimbura,14289169,Kaia.Cimbura@college.harvard.edu,4
Tamqrah,Dichy,13443411,Tamqrah.Dichy@college.harvard.edu,4
Max,Stefa,11386392,Max.Stefa@college.harvard.edu,4
Nelle,Toffic,19817961,Nelle.Toffic@college.harvard.edu,4
Alameda,Gino,13595522,Alameda.Gino@college.harvard.edu,4
Gertrud,Belldas,14517085,Gertrud.Belldas@college.harvard.edu,4
Felice,Harned,19046660,Felice.Harned@college.harvard.edu,4
Pamella,LaRue,16359178,Pamella.LaRue@college.harvard.edu,4
Joy,Niccolo,11570154,Joy.Niccolo@college.harvard.edu,4
Hope,Giule,15270165,Hope.Giule@college.harvard.edu,4
Beth,Lane,13794991,Beth.Lane@college.harvard.edu,4
Cyndie,Moseley,16706284,Cyndie.Moseley@college.harvard.edu,4
Nananne,Gabrielli,19970181,Nananne.Gabrielli@college.harvard.edu,4
Laure,Rosemary,12459845,Laure.Rosemary@college.harvard.edu,4
Gertrud,Shields,17950352,Gertrud.Shields@college.harvard.edu,4
Daryl,Millda,14506858,Daryl.Millda@college.harvard.edu,4
Gabi,Rhu,18198334,Gabi.Rhu@college.harvard.edu,4
Deane,Auberbach,10805806,Deane.Auberbach@college.harvard.edu,4
Eolanda,Fairweather,12960197,Eolanda.Fairweather@college.harvard.edu,4
Viviene,Mallon,15424002,Viviene.Mallon@college.harvard.edu,4
Mady,Havens,14594162,Mady.Havens@college.harvard.edu,4
Nikki,Schonfeld,18809260,Nikki.Schonfeld@college.harvard.edu,4
Almeta,Clara,15707621,Almeta.Clara@college.harvard.edu,4
Merrie,Sprage,19758014,Merrie.Sprage@college.harvard.edu,4
Ivett,Emanuel,11962219,Ivett.Emanuel@college.harvard.edu,4
Ariela,Pyle,10042545,Ariela.Pyle@college.harvard.edu,4
Concettina,Madaih,16193384,Concettina.Madaih@college.harvard.edu,4
Amii,Whiffen,16183903,Amii.Whiffen@college.harvard.edu,4
Orelia,Lutero,14764404,Orelia.Lutero@college.harvard.edu,4
Tani,Campball,14923327,Tani.Campball@college.harvard.edu,4
Anica,Gordon,12432567,Anica.Gordon@college.harvard.edu,4
Merci,Bevin,10506308,Merci.Bevin@college.harvard.edu,4
Nicoli,Baudin,17305866,Nicoli.Baudin@college.harvard.edu,4
Kirstin,Gibbeon,17320478,Kirstin.Gibbeon@college.harvard.edu,4
Carree,Goode,16940144,Carree.Goode@college.harvard.edu,4
Elie,Winnick,16730800,Elie.Winnick@college.harvard.edu,4
Kirstin,Stilwell,18754355,Kirstin.Stilwell@college.harvard.edu,4
Maye,Burch,10806650,Maye.Burch@college.harvard.edu,4
Robinia,Federica,13736039,Robinia.Federica@college.harvard.edu,4
Marcy,Ellerey,19760726,Marcy.Ellerey@college.harvard.edu,4
Estell,Birdella,15393495,Estell.Birdella@college.harvard.edu,4
Gretal,Lenny,12676749,Gretal.Lenny@college.harvard.edu,4
Genevra,Tice,19054888,Genevra.Tice@college.harvard.edu,4
Elbertina,Ackerley,11482719,Elbertina.Ackerley@college.harvard.edu,4
Vita,Winnick,13969592,Vita.Winnick@college.harvard.edu,4
Zondra,Kazimir,18680396,Zondra.Kazimir@college.harvard.edu,4
Drucie,Longfellow,17019998,Drucie.Longfellow@college.harvard.edu,4
Ardeen,Jalbert,12295031,Ardeen.Jalbert@college.harvard.edu,4
Dode,Jarib,13718637,Dode.Jarib@college.harvard.edu,4
Hallie,Goddard,13455127,Hallie.Goddard@college.harvard.edu,4
Lila,Blake,11701579,Lila.Blake@college.harvard.edu,4
Talya,Millda,18899979,Talya.Millda@college.harvard.edu,4
Paule,Nunci,13114505,Paule.Nunci@college.harvard.edu,4
Zondra,Ellord,13839371,Zondra.Ellord@college.harvard.edu,4
Dode,Anastatius,17753686,Dode.Anastatius@college.harvard.edu,4
Patricia,Jess,18736899,Patricia.Jess@college.harvard.edu,4
Maye,Zrike,15673590,Maye.Zrike@college.harvard.edu,4
Isa,Goerke,12822033,Isa.Goerke@college.harvard.edu,4
Cecile,Hutchison,11435244,Cecile.Hutchison@college.harvard.edu,4
Riannon,Wattenberg,18531901,Riannon.Wattenberg@college.harvard.edu,4
Sidoney,Killigrew,16927572,Sidoney.Killigrew@college.harvard.edu,4
Nonnah,Peti,17140204,Nonnah.Peti@college.harvard.edu,4
Lily,Wolfgram,10299445,Lily.Wolfgram@college.harvard.edu,4
Ericka,Harned,12396249,Ericka.Harned@college.harvard.edu,4
Carolina,Wadell,19549229,Carolina.Wadell@college.harvard.edu,4
Melisent,Seagraves,10533859,Melisent.Seagraves@college.harvard.edu,4
Sybille,Seessel,16966292,Sybille.Seessel@college.harvard.edu,4
Carol-Jean,Carey,12701460,Carol-Jean.Carey@college.harvard.edu,4
Paulita,Prouty,15145770,Paulita.Prouty@college.harvard.edu,4
Lusa,Linskey,18582240,Lusa.Linskey@college.harvard.edu,4
Elora,Kussell,14592414,Elora.Kussell@college.harvard.edu,4
June,Helfand,12262469,June.Helfand@college.harvard.edu,4
Winifred,Dyche,17844048,Winifred.Dyche@college.harvard.edu,4
Karina,Macey,11006938,Karina.Macey@college.harvard.edu,4
Shaylyn,Demitria,13995873,Shaylyn.Demitria@college.harvard.edu,4
Fredericka,Bartlett,13291701,Fredericka.Bartlett@college.harvard.edu,4
Tori,Garbe,10516444,Tori.Garbe@college.harvard.edu,4
Juliane,Sandye,18905167,Juliane.Sandye@college.harvard.edu,4
Trixi,Nickola,19310477,Trixi.Nickola@college.harvard.edu,4
Gusty,Orlene,16824746,Gusty.Orlene@college.harvard.edu,4
Molli,Bevin,16080217,Molli.Bevin@college.harvard.edu,4
Krystle,Nadia,12642540,Krystle.Nadia@college.harvard.edu,4
Starla,Corilla,13798613,Starla.Corilla@college.harvard.edu,4
Demetris,Adalbert,12933656,Demetris.Adalbert@college.harvard.edu,4
Catrina,Hartnett,13896696,Catrina.Hartnett@college.harvard.edu,4
Dotty,Saunderson,13108660,Dotty.Saunderson@college.harvard.edu,4
Lily,Helfand,12842888,Lily.Helfand@college.harvard.edu,4
Belinda,Daniele,17167468,Belinda.Daniele@college.harvard.edu,4
Corly,Harl,12833842,Corly.Harl@college.harvard.edu,4
Gerianna,My,12329350,Gerianna.My@college.harvard.edu,4
Marinna,Lubin,19679778,Marinna.Lubin@college.harvard.edu,4
Merry,Drus,12392296,Merry.Drus@college.harvard.edu,4
Bee,Mallon,13634956,Bee.Mallon@college.harvard.edu,4
Dawn,Kunin,12977263,Dawn.Kunin@college.harvard.edu,4
Nannie,Doig,11796401,Nannie.Doig@college.harvard.edu,4
Charlena,Curren,14208326,Charlena.Curren@college.harvard.edu,4
Tybie,Elo,19894264,Tybie.Elo@college.harvard.edu,4
Brooks,Korey,11114508,Brooks.Korey@college.harvard.edu,4
Tera,McLaughlin,11154176,Tera.McLaughlin@college.harvard.edu,4
Lynde,Judye,13912241,Lynde.Judye@college.harvard.edu,4
Karolina,Suzetta,16865470,Karolina.Suzetta@college.harvard.edu,4
Cathie,Bettine,12998855,Cathie.Bettine@college.harvard.edu,4
Etta,Girardo,13042891,Etta.Girardo@college.harvard.edu,4
Suzette,Etom,18230466,Suzette.Etom@college.harvard.edu,4
Althea,Deegan,12802873,Althea.Deegan@college.harvard.edu,4
Elise,Adalbert,13637858,Elise.Adalbert@college.harvard.edu,4
Adelle,Nea,13071744,Adelle.Nea@college.harvard.edu,4
Kary,Hurley,19259148,Kary.Hurley@college.harvard.edu,4
Orsola,Genna,17089264,Orsola.Genna@college.harvard.edu,4
Kate,Selway,11613307,Kate.Selway@college.harvard.edu,4
