Yetty,Monaco,14071918,Yetty.Monaco@college.harvard.edu,5
Heida,Izaak,13942697,Heida.Izaak@college.harvard.edu,5
Sharai,Meli,16097823,Sharai.Meli@college.harvard.edu,5
Melina,Elsinore,13761016,Melina.Elsinore@college.harvard.edu,5
Fredericka,Lane,12958619,Fredericka.Lane@college.harvard.edu,5
Asia,Demitria,19103295,Asia.Demitria@college.harvard.edu,5
Fina,Himelman,16919718,Fina.Himelman@college.harvard.edu,5
Eve,Guthrie,14490284,Eve.Guthrie@college.harvard.edu,5
Jeanna,Isidore,16935372,Jeanna.Isidore@college.harvard.edu,5
Jennica,Kiersten,15651397,Jennica.Kiersten@college.harvard.edu,5
Averyl,Dorine,18551575,Averyl.Dorine@college.harvard.edu,5
Anestassia,Hathaway,19894017,Anestassia.Hathaway@college.harvard.edu,5
Lizzie,Brunell,11196935,Lizzie.Brunell@college.harvard.edu,5
Sophia,Lasley,14992235,Sophia.Lasley@college.harvard.edu,5
Nickie,Suk,14479374,Nickie.Suk@college.harvard.edu,5
Laurene,Daniele,19854135,Laurene.Daniele@college.harvard.edu,5
Olwen,Pauly,12585710,Olwen.Pauly@college.harvard.edu,5
Nollie,Soneson,11577153,Nollie.Soneson@college.harvard.edu,5
Phedra,Daegal,14322765,Phedra.Daegal@college.harvard.edu,5
Tressa,Roscoe,18800777,Tressa.Roscoe@college.harvard.edu,5
Raf,Alice,14741315,Raf.Alice@college.harvard.edu,5
Priscilla,Blisse,17187246,Priscilla.Blisse@college.harvard.edu,5
Paola,Burnside,16692120,Paola.Burnside@college.harvard.edu,5
Donnie,Mata,11161830,Donnie.Mata@college.harvard.edu,5
Lila,Fink,12762578,Lila.Fink@college.harvard.edu,5
Adriana,McClimans,16487544,Adriana.McClimans@college.harvard.edu,5
Rozele,Cleavland,15945516,Rozele.Cleavland@college.harvard.edu,5
Neila,Haymes,16440834,Neila.Haymes@college.harvard.edu,5
Bibby,Lissi,16096602,Bibby.Lissi@college.harvard.edu,5
Justinn,Mallon,18157448,Justinn.Mallon@college.harvard.edu,5
Michaelina,Decato,16556965,Michaelina.Decato@college.harvard.edu,5
Cissiee,Emmy,12260660,Cissiee.Emmy@college.harvard.edu,5
Roberta,Truc,10732636,Roberta.Truc@college.harvard.edu,5
Joelly,O'Carroll,14035190,Joelly.O'Carroll@college.harvard.edu,5
Josephine,Wesle,11985936,Josephine.Wesle@college.harvard.edu,5
Vonny,Behre,10551097,Vonny.Behre@college.harvard.edu,5
Rubie,Allare,17495367,Rubie.Allare@college.harvard.edu,5
Shell,Elvyn,18673040,Shell.Elvyn@college.harvard.edu,5
Rhoda,Mathilde,11529282,Rhoda.Mathilde@college.harvard.edu,5
Claresta,Chrystel,18203756,Claresta.Chrystel@college.harvard.edu,5
Ileana,Michella,14244904,Ileana.Michella@college.harvard.edu,5
Lila,Bergman,18979745,Lila.Bergman@college.harvard.edu,5
Ida,Shuler,19521623,Ida.Shuler@college.harvard.edu,5
Adore,Cynar,13732698,Adore.Cynar@college.harvard.edu,5
Joleen,Madelene,18827190,Joleen.Madelene@college.harvard.edu,5
Sue,Arley,14858721,Sue.Arley@college.harvard.edu,5
Genevra,Pulsifer,18354386,Genevra.Pulsifer@college.harvard.edu,5
Sara-Ann,Kirbee,16507157,Sara-Ann.Kirbee@college.harvard.edu,5
Oona,Flita,11679528,Oona.Flita@college.harvard.edu,5
Georgina,Norrie,16152376,Georgina.Norrie@college.harvard.edu,5
Tracey,Kenney,12275100,Tracey.Kenney@college.harvard.edu,5
Bertine,Viddah,15471520,Bertine.Viddah@college.harvard.edu,5
Mady,Ferrell,13518774,Mady.Ferrell@college.harvard.edu,5
Vanessa,Ardra,15201110,Vanessa.Ardra@college.harvard.edu,5
Renie,Pettiford,11890478,Renie.Pettiford@college.harvard.edu,5
Ilse,Zetta,13378562,Ilse.Zetta@college.harvard.edu,5
Dede,Vanni,11772048,Dede.Vanni@college.harvard.edu,5
Ottilie,Jarib,13711019,Ottilie.Jarib@college.harvard.edu,5
Dulce,Hoban,16394788,Dulce.Hoban@college.harvard.edu,5
Cassandra,Durante,19700216,Cassandra.Durante@college.harvard.edu,5
Nikki,Norrie,15105613,Nikki.Norrie@college.harvard.edu,5
Shirlee,Harl,10033912,Shirlee.Harl@college.harvard.edu,5
Annabela,Rodmann,17433332,Annabela.Rodmann@college.harvard.edu,5
Annecorinne,Vacuva,12371132,Annecorinne.Vacuva@college.harvard.edu,5
Monika,Gilbertson,11513013,Monika.Gilbertson@college.harvard.edu,5
Kaja,Raimondo,13394970,Kaja.Raimondo@college.harvard.edu,5
Jordan,Duwalt,16554351,Jordan.Duwalt@college.harvard.edu,5
Carmencita,Loeb,13019127,Carmencita.Loeb@college.harvard.edu,5
Lelah,Gabrielli,14213291,Lelah.Gabrielli@college.harvard.edu,5
Sherrie,Delila,16543911,Sherrie.Delila@college.harvard.edu,5
Michaelina,Carri,19940444,Michaelina.Carri@college.harvard.edu,5
Angela,Shaver,16805573,Angela.Shaver@college.harvard.edu,5
Monika,Lia,17700227,Monika.Lia@college.harvard.edu,5
Gertrud,Erminia,16255096,Gertrud.Erminia@college.harvard.edu,5
Atlanta,Arley,10870863,Atlanta.Arley@college.harvard.edu,5
Shandie,Shanley,19498550,Shandie.Shanley@college.harvard.edu,5
Marinna,Richers,15139396,Marinna.Richers@college.harvard.edu,5
Elie,Braun,15852691,Elie.Braun@college.harvard.edu,5
Cordi,Dielu,12974748,Cordi.Dielu@college.harvard.edu,5
Lauryn,Rustice,16087399,Lauryn.Rustice@college.harvard.edu,5
Steffane,Trey,17371149,Steffane.Trey@college.harvard.edu,5
Olwen,Dorothy,11412381,Olwen.Dorothy@college.harvard.edu,5
Marika,Stanwood,13383841,Marika.Stanwood@college.harvard.edu,5
Elyssa,Jerold,14735267,Elyssa.Jerold@college.harvard.edu,5
Sabina,Carmena,18244992,Sabina.Carmena@college.harvard.edu,5
Winifred,Michella,11136721,Winifred.Michella@college.harvard.edu,5
Taffy,Tannie,12091752,Taffy.Tannie@college.harvard.edu,5
Cecile,Magnolia,18239892,Cecile.Magnolia@college.harvard.edu,5
Elka,Urias,19584824,Elka.Urias@college.harvard.edu,5
Allis,Fabiola,13054759,Allis.Fabiola@college.harvard.edu,5
Corina,Egbert,18200203,Corina.Egbert@college.harvard.edu,5
Kellen,Myrilla,17178720,Kellen.Myrilla@college.harvard.edu,5
Constance,Sikorski,16758734,Constance.Sikorski@college.harvard.edu,5
Rochette,Evangelia,11486913,Rochette.Evangelia@college.harvard.edu,5
Dorthy,Dash,19938733,Dorthy.Dash@college.harvard.edu,5
Dania,Casimir,14115304,Dania.Casimir@college.harvard.edu,5
Odessa,Haldas,15838724,Odessa.Haldas@college.harvard.edu,5
Adele,Isidore,13627838,Adele.Isidore@college.harvard.edu,5
Raina,Hailee,14270773,Raina.Hailee@college.harvard.edu,5
Aurore,Luhe,11083662,Aurore.Luhe@college.harvard.edu,5
Kittie,Michella,11674186,Kittie.Michella@college.harvard.edu,5
Valli,Stav,15742963,Valli.Stav@college.harvard.edu,5
Corly,Dash,19327013,Corly.Dash@college.harvard.edu,5
Leona,Raychel,19810764,Leona.Raychel@college.harvard.edu,5
Imojean,Moina,12683453,Imojean.Moina@college.harvard.edu,5
Mahalia,Margret,10723368,Mahalia.Margret@college.harvard.edu,5
Georgetta,Dreda,15355707,Georgetta.Dreda@college.harvard.edu,5
Marsiella,Amadas,19883735,Marsiella.Amadas@college.harvard.edu,5
Rosanne,Ajay,16461573,Rosanne.Ajay@college.harvard.edu,5
Adriana,Liebermann,13083851,Adriana.Liebermann@college.harvard.edu,5
Delilah,Keelia,10348937,Delilah.Keelia@college.harvard.edu,5
Jenilee,Alexandr,12808702,Jenilee.Alexandr@college.harvard.edu,5
Jsandye,Alisia,10783625,Jsandye.Alisia@college.harvard.edu,5
Cherilyn,Lesley,10192776,Cherilyn.Lesley@college.harvard.edu,5
Bobinette,Bennie,13859484,Bobinette.Bennie@college.harvard.edu,5
Merle,Justinn,18652311,Merle.Justinn@college.harvard.edu,5
Goldie,Loeb,16005620,Goldie.Loeb@college.harvard.edu,5
Laure,Destinee,13016701,Laure.Destinee@college.harvard.edu,5
Ellette,Rozanna,14317018,Ellette.Rozanna@college.harvard.edu,5
Blinni,Strephon,13206825,Blinni.Strephon@college.harvard.edu,5
Joeann,Brunell,19862260,Joeann.Brunell@college.harvard.edu,5
Janenna,Nickola,16179366,Janenna.Nickola@college.harvard.edu,5
Maye,Tufts,18398005,Maye.Tufts@college.harvard.edu,5
Gwenneth,Oneida,17942029,Gwenneth.Oneida@college.harvard.edu,5
Claresta,Monaco,10359657,Claresta.Monaco@college.harvard.edu,5
Raina,August,18986264,Raina.August@college.harvard.edu,5
Blake,Harl,14163696,Blake.Harl@college.harvard.edu,5
Ketti,Afton,16078392,Ketti.Afton@college.harvard.edu,5
Frieda,Ardeha,10260823,Frieda.Ardeha@college.harvard.edu,5
Miquela,Helve,18299466,Miquela.Helve@college.harvard.edu,5
Taffy,Maryanne,14927666,Taffy.Maryanne@college.harvard.edu,5
Therine,Ezar,10098113,Therine.Ezar@college.harvard.edu,5
Keelia,Berard,16932321,Keelia.Berard@college.harvard.edu,5
Cyndie,Elisha,11637919,Cyndie.Elisha@college.harvard.edu,5
Brena,Alarise,12965357,Brena.Alarise@college.harvard.edu,5
Lindie,Zenas,11854362,Lindie.Zenas@college.harvard.edu,5
Marsiella,Darian,19849260,Marsiella.Darian@college.harvard.edu,5
Larine,Evangelia,14956814,Larine.Evangelia@college.harvard.edu,5
Laure,Hazlett,15521727,Laure.Hazlett@college.harvard.edu,5
Dania,Neils,12578990,Dania.Neils@college.harvard.edu,5
Devina,Shirberg,14575263,Devina.Shirberg@college.harvard.edu,5
Janis,Ophelia,11406986,Janis.Ophelia@college.harvard.edu,5
Maye,Justinn,17038012,Maye.Justinn@college.harvard.edu,5
Korrie,Pond,19067980,Korrie.Pond@college.harvard.edu,5
Sara-Ann,Wittie,19478760,Sara-Ann.Wittie@college.harvard.edu,5
Stephanie,Kravits,11417888,Stephanie.Kravits@college.harvard.edu,5
Jenda,Maples,11626795,Jenda.Maples@college.harvard.edu,5
Kamilah,Shama,12200289,Kamilah.Shama@college.harvard.edu,5
Dania,Tremayne,11465485,Dania.Tremayne@college.harvard.edu,5
Olivette,Rooney,12858263,Olivette.Rooney@college.harvard.edu,5
Laurene,Lamoree,19857961,Laurene.Lamoree@college.harvard.edu,5
Glynnis,Alrich,16101525,Glynnis.Alrich@college.harvard.edu,5
Thalia,Manolo,12596752,Thalia.Manolo@college.harvard.edu,5
Kirstin,Johanna,18037145,Kirstin.Johanna@college.harvard.edu,5
Allis,Halsey,15226344,Allis.Halsey@college.harvard.edu,5
Audrie,Baptlsta,14111226,Audrie.Baptlsta@college.harvard.edu,5
Ardeen,Nedrud,11702187,Ardeen.Nedrud@college.harvard.edu,5
Ursulina,Belanger,18234916,Ursulina.Belanger@college.harvard.edu,5
Rivalee,Dom,18569603,Rivalee.Dom@college.harvard.edu,5
Tobe,Luhe,19471335,Tobe.Luhe@college.harvard.edu,5
Allis,Couture,18620374,Allis.Couture@college.harvard.edu,5
Teriann,Raseda,13881261,Teriann.Raseda@college.harvard.edu,5
Sallie,Tjon,17702318,Sallie.Tjon@college.harvard.edu,5
Elise,Kellby,12101108,Elise.Kellby@college.harvard.edu,5
Shell,Phaidra,13136613,Shell.Phaidra@college.harvard.edu,5
Marguerite,Ardeha,19849461,Marguerite.Ardeha@college.harvard.edu,5
Imojean,Rad,13287914,Imojean.Rad@college.harvard.edu,5
