Ethel,Hartnett,11383680,Ethel.Hartnett@college.harvard.edu,6
Collen,Garek,17585948,Collen.Garek@college.harvard.edu,6
Alexine,Ackerley,14493600,Alexine.Ackerley@college.harvard.edu,6
Ronna,Loring,12850713,Ronna.Loring@college.harvard.edu,6
Annecorinne,Jerald,14448714,Annecorinne.Jerald@college.harvard.edu,6
Randa,Howlyn,10495975,Randa.Howlyn@college.harvard.edu,6
Jasmina,Wattenberg,18112106,Jasmina.Wattenberg@college.harvard.edu,6
Kylynn,Garbe,11890866,Kylynn.Garbe@college.harvard.edu,6
Shauna,Docilla,15250156,Shauna.Docilla@college.harvard.edu,6
Mady,Kunin,16516136,Mady.Kunin@college.harvard.edu,6
Giustina,Zrike,10243008,Giustina.Zrike@college.harvard.edu,6
Bertine,Newell,19032590,Bertine.Newell@college.harvard.edu,6
Beth,Kress,15596629,Beth.Kress@college.harvard.edu,6
Kylynn,Warthman,13782079,Kylynn.Warthman@college.harvard.edu,6
Estell,Swanhildas,15322491,Estell.Swanhildas@college.harvard.edu,6
Vevay,Sancho,15364919,Vevay.Sancho@college.harvard.edu,6
Ann-Marie,Eldrid,17484776,Ann-Marie.Eldrid@college.harvard.edu,6
Amalie,Jena,15711842,Amalie.Jena@college.harvard.edu,6
Laure,Aloise,13243090,Laure.Aloise@college.harvard.edu,6
Britte,Yate,12685480,Britte.Yate@college.harvard.edu,6
Fred,Stuart,16955982,Fred.Stuart@college.harvard.edu,6
Briney,Hoban,17562479,Briney.Hoban@college.harvard.edu,6
Myriam,Fabiola,13646566,Myriam.Fabiola@college.harvard.edu,6
Ardys,Ursulette,19257991,Ardys.Ursulette@college.harvard.edu,6
Jessy,Justinn,15859306,Jessy.Justinn@college.harvard.edu,6
Berta,Ade,13418125,Berta.Ade@college.harvard.edu,6
Roz,Magnolia,13477994,Roz.Magnolia@college.harvard.edu,6
Edith,Niles,14699985,Edith.Niles@college.harvard.edu,6
Mahalia,Hilbert,15163827,Mahalia.Hilbert@college.harvard.edu,6
Farrah,Persse,15121382,Farrah.Persse@college.harvard.edu,6
Rori,Hebner,19289418,Rori.Hebner@college.harvard.edu,6
Elfreda,Roarke,17265644,Elfreda.Roarke@college.harvard.edu,6
Therine,Durante,11377390,Therine.Durante@college.harvard.edu,6
Alameda,Pozzy,11272947,Alameda.Pozzy@college.harvard.edu,6
Shandie,Kronfeld,16293724,Shandie.Kronfeld@college.harvard.edu,6
Nannie,Kamaria,12036948,Nannie.Kamaria@college.harvard.edu,6
Tersina,Maisey,18234618,Tersina.Maisey@college.harvard.edu,6
Merry,Meli,19293136,Merry.Meli@college.harvard.edu,6
Esmeralda,Nikaniki,16722854,Esmeralda.Nikaniki@college.harvard.edu,6
Johna,Gunn,14787982,Johna.Gunn@college.harvard.edu,6
Harmonia,Diogenes,14499510,Harmonia.Diogenes@college.harvard.edu,6
Daphne,Eliathas,13658434,Daphne.Eliathas@college.harvard.edu,6
Tierney,Wu,19390579,Tierney.Wu@college.harvard.edu,6
Cristine,Regan,17652493,Cristine.Regan@college.harvard.edu,6
Alie,Berne,11844463,Alie.Berne@college.harvard.edu,6
Tori,Nedrud,17947983,Tori.Nedrud@college.harvard.edu,6
Nyssa,Teddman,15402921,Nyssa.Teddman@college.harvard.edu,6
Gilda,Japeth,12094028,Gilda.Japeth@college.harvard.edu,6
Cindelyn,Jobi,13147912,Cindelyn.Jobi@college.harvard.edu,6
Elora,Sundin,19600495,Elora.Sundin@college.harvard.edu,6
Cyb,Dalli,12315198,Cyb.Dalli@college.harvard.edu,6
Rosene,Zaslow,16287104,Rosene.Zaslow@college.harvard.edu,6
Marika,Marisa,16594531,Marika.Marisa@college.harvard.edu,6
Margalo,Bari,11217190,Margalo.Bari@college.harvard.edu,6
Roberta,Vary,19231132,Roberta.Vary@college.harvard.edu,6
Marita,Milson,19499614,Marita.Milson@college.harvard.edu,6
Karlee,Chick,10054746,Karlee.Chick@college.harvard.edu,6
Darci,Agle,18206648,Darci.Agle@college.harvard.edu,6
Gabi,Eno,11189874,Gabi.Eno@college.harvard.edu,6
Ethel,Pozzy,19426730,Ethel.Pozzy@college.harvard.edu,6
Dennie,Roche,18278804,Dennie.Roche@college.harvard.edu,6
Dacia,Gaulin,18459983,Dacia.Gaulin@college.harvard.edu,6
Ursulina,Rurik,16352190,Ursulina.Rurik@college.harvard.edu,6
Max,Carlson,14259569,Max.Carlson@college.harvard.edu,6
Bee,Eckblad,17355908,Bee.Eckblad@college.harvard.edu,6
Margette,Daegal,14013879,Margette.Daegal@college.harvard.edu,6
Sabina,Leonard,18537336,Sabina.Leonard@college.harvard.edu,6
Lesly,Alarise,18875378,Lesly.Alarise@college.harvard.edu,6
Kial,Ochs,12922281,Kial.Ochs@college.harvard.edu,6
Courtnay,Maribeth,17165659,Courtnay.Maribeth@college.harvard.edu,6
Correy,Xerxes,13107323,Correy.Xerxes@college.harvard.edu,6
Marcy,Anis,14014954,Marcy.Anis@college.harvard.edu,6
Elise,Brenn,19168815,Elise.Brenn@college.harvard.edu,6
Maud,Martguerita,10975542,Maud.Martguerita@college.harvard.edu,6
Fanny,Screens,17319473,Fanny.Screens@college.harvard.edu,6
Halette,Klotz,18782640,Halette.Klotz@college.harvard.edu,6
Orelia,Byrne,17973940,Orelia.Byrne@college.harvard.edu,6
Kristan,Warthman,19397944,Kristan.Warthman@college.harvard.edu,6
Tomasina,Hoban,15333981,Tomasina.Hoban@college.harvard.edu,6
Camile,Ciro,18579615,Camile.Ciro@college.harvard.edu,6
Lilith,Fax,16841537,Lilith.Fax@college.harvard.edu,6
Maud,Raseda,12772023,Maud.Raseda@college.harvard.edu,6
Patricia,Katrine,16383270,Patricia.Katrine@college.harvard.edu,6
Pierette,Toni,15272379,Pierette.Toni@college.harvard.edu,6
Heida,Ummersen,14631515,Heida.Ummersen@college.harvard.edu,6
Verla,Slifka,14567629,Verla.Slifka@college.harvard.edu,6
Allyce,Jeanne,17995375,Allyce.Jeanne@college.harvard.edu,6
Mary,Halla,16390221,Mary.Halla@college.harvard.edu,6
Merci,Nisbet,11234062,Merci.Nisbet@college.harvard.edu,6
Elka,Greyson,17937475,Elka.Greyson@college.harvard.edu,6
Vere,Eugenia,19232551,Vere.Eugenia@college.harvard.edu,6
Sarette,Ries,16930019,Sarette.Ries@college.harvard.edu,6
Ariela,Burnside,13938255,Ariela.Burnside@college.harvard.edu,6
Giustina,Mozelle,10619083,Giustina.Mozelle@college.harvard.edu,6
Max,Wilkinson,17436077,Max.Wilkinson@college.harvard.edu,6
Claudina,Clarissa,15184049,Claudina.Clarissa@college.harvard.edu,6
Marcelline,Hillel,10902962,Marcelline.Hillel@college.harvard.edu,6
Janey,Anselmi,11096319,Janey.Anselmi@college.harvard.edu,6
Belinda,Burnside,18589792,Belinda.Burnside@college.harvard.edu,6
Nessie,Wilona,12736837,Nessie.Wilona@college.harvard.edu,6
Dulce,Vernier,16509370,Dulce.Vernier@college.harvard.edu,6
Minda,Wu,16437665,Minda.Wu@college.harvard.edu,6
Atlanta,Cornelia,13594129,Atlanta.Cornelia@college.harvard.edu,6
Veda,Abbot,17930039,Veda.Abbot@college.harvard.edu,6
Joelly,Orlene,12612672,Joelly.Orlene@college.harvard.edu,6
Hollie,Hanleigh,12978626,Hollie.Hanleigh@college.harvard.edu,6
Andree,Vernier,10832310,Andree.Vernier@college.harvard.edu,6
Hannis,Sprage,18680394,Hannis.Sprage@college.harvard.edu,6
Merrie,Chaing,16311936,Merrie.Chaing@college.harvard.edu,6
Aurelie,Cookie,11399472,Aurelie.Cookie@college.harvard.edu,6
Carolina,Chobot,11395518,Carolina.Chobot@college.harvard.edu,6
Paule,Mehalek,19181706,Paule.Mehalek@college.harvard.edu,6
Jeanna,Oster,12199161,Jeanna.Oster@college.harvard.edu,6
Olwen,Izaak,13169686,Olwen.Izaak@college.harvard.edu,6
Tabbatha,Bigner,11666164,Tabbatha.Bigner@college.harvard.edu,6
Lauryn,Timon,11998883,Lauryn.Timon@college.harvard.edu,6
Andeee,Atonsah,14082251,Andeee.Atonsah@college.harvard.edu,6
Jsandye,Brandice,17074487,Jsandye.Brandice@college.harvard.edu,6
Phedra,Hessler,12430979,Phedra.Hessler@college.harvard.edu,6
Corry,Callista,14474055,Corry.Callista@college.harvard.edu,6
Yvonne,Friede,12443357,Yvonne.Friede@college.harvard.edu,6
Andree,Leary,18442680,Andree.Leary@college.harvard.edu,6
Jessamyn,Norvol,13093153,Jessamyn.Norvol@college.harvard.edu,6
Emilia,Amethist,16165129,Emilia.Amethist@college.harvard.edu,6
Marguerite,Annabella,14188209,Marguerite.Annabella@college.harvard.edu,6
Charissa,Delila,11952173,Charissa.Delila@college.harvard.edu,6
Tomasina,Caitlin,14173866,Tomasina.Caitlin@college.harvard.edu,6
Eolanda,Leler,10657803,Eolanda.Leler@college.harvard.edu,6
Odessa,Stelle,19016935,Odessa.Stelle@college.harvard.edu,6
Ulrike,Toffic,19841973,Ulrike.Toffic@college.harvard.edu,6
Concettina,Klemperer,19145181,Concettina.Klemperer@college.harvard.edu,6
Dulce,Mathilde,10583438,Dulce.Mathilde@college.harvard.edu,6
Susette,O'Rourke,15958817,Susette.O'Rourke@college.harvard.edu,6
Merry,Lunsford,15030655,Merry.Lunsford@college.harvard.edu,6
Vinita,Hylan,12534388,Vinita.Hylan@college.harvard.edu,6
Drucie,Abram,15790582,Drucie.Abram@college.harvard.edu,6
Konstance,Talia,18555352,Konstance.Talia@college.harvard.edu,6
Thalia,McLaughlin,12937283,Thalia.McLaughlin@college.harvard.edu,6
Kamilah,Dex,17490516,Kamilah.Dex@college.harvard.edu,6
Bobinette,Gale,16366790,Bobinette.Gale@college.harvard.edu,6
Joy,Dielu,16119039,Joy.Dielu@college.harvard.edu,6
Miquela,Keelia,13632942,Miquela.Keelia@college.harvard.edu,6
Paulita,Ogren,13497189,Paulita.Ogren@college.harvard.edu,6
Clarice,Joli,12851512,Clarice.Joli@college.harvard.edu,6
Lanna,Kaja,10324447,Lanna.Kaja@college.harvard.edu,6
Elyssa,Zuzana,16973517,Elyssa.Zuzana@college.harvard.edu,6
Luci,Myrilla,18165262,Luci.Myrilla@college.harvard.edu,6
Liana,Lissi,13911474,Liana.Lissi@college.harvard.edu,6
Tina,Isidore,10302738,Tina.Isidore@college.harvard.edu,6
Cathyleen,Sholley,16958010,Cathyleen.Sholley@college.harvard.edu,6
Lonnie,Blisse,14330413,Lonnie.Blisse@college.harvard.edu,6
Vevay,Timon,13203250,Vevay.Timon@college.harvard.edu,6
